City_ID,City,Lat,Lng,Max Temp,Humidity,Cloudiness,Wind Speed,Country,Date
0,florence,43.7667,11.25,100.08,31,0,9.22,IT,1692980506
1,avarua,-21.2078,-159.775,75.25,78,40,4.61,CK,1692980729
2,yerofey pavlovich,53.9667,121.9667,50.18,75,29,3.71,RU,1692980730
3,waitangi,-43.9535,-176.5597,46.81,92,82,1.01,NZ,1692980731
4,namibe,-15.1961,12.1522,69.19,79,78,12.1,AO,1692980732
5,tazovsky,67.4667,78.7,49.73,70,92,7.38,RU,1692980732
6,adamstown,-25.066,-130.1015,66.16,64,95,19.04,PN,1692980733
7,puerto natales,-51.7236,-72.4875,38.37,76,99,4.34,CL,1692980734
8,kigoma,-4.8769,29.6267,80.19,57,42,9.75,TZ,1692980735
9,bethel,41.3712,-73.414,72.45,89,100,1.01,US,1692980736
10,bodo,67.28,14.405,66.94,75,0,8.05,NO,1692980736
11,bredasdorp,-34.5322,20.0403,49.62,83,74,26.19,ZA,1692980737
12,iqaluit,63.7506,-68.5145,47.93,76,100,5.75,CA,1692980738
13,rongelap,11.1635,166.8941,81.7,79,85,8.72,MH,1692980738
14,gamboma,-1.8764,15.8644,86.95,51,94,4.56,CG,1692980739
15,khash,28.2211,61.2158,81.82,15,75,13.29,IR,1692980740
16,puerto cabello,10.4731,-68.0125,98.15,63,54,3.85,VE,1692980740
17,awjilah,29.1081,21.2869,106.72,13,2,7.34,LY,1692980741
18,lihue,21.9789,-159.3672,78.39,83,100,13.8,US,1692980742
19,yellowknife,62.456,-114.3525,67.41,76,40,5.01,CA,1692980741
20,longyearbyen,78.2186,15.6401,46.24,87,75,12.66,SJ,1692980743
21,carnarvon,-24.8667,113.6333,65.82,79,0,11.86,AU,1692980744
22,petukhovo,55.0692,67.9019,57.04,50,100,3.83,RU,1692980744
23,altai,46.3722,96.2583,51.48,74,28,2.13,MN,1692980745
24,arauco,-37.2463,-73.3175,51.64,58,3,2.39,CL,1692980746
25,metlili chaamba,32.2667,3.6333,101.34,12,20,3.44,DZ,1692980583
26,fort st. john,56.2499,-120.8529,57.09,72,0,3.44,CA,1692980747
27,ushuaia,-54.8,-68.3,35.26,51,20,6.91,AR,1692980748
28,rio grande,-32.035,-52.0986,66.31,47,45,6.13,BR,1692980748
29,bikenibeu village,1.3673,173.1241,78.76,89,20,1.14,KI,1692980749
30,port blair,11.6667,92.75,81.43,83,96,12.62,IN,1692980750
31,douglas,41.3,-96.167,88.68,64,40,3.44,US,1692980750
32,ribeira brava,32.65,-17.0667,85.01,86,100,4.88,PT,1692980751
33,papatowai,-46.5619,169.4708,45.91,94,100,4.52,NZ,1692980752
34,kenai,60.5544,-151.2583,55.15,98,100,10.36,US,1692980753
35,margaret river,-33.95,115.0667,55.26,80,29,2.48,AU,1692980754
36,aasiaat,68.7098,-52.8699,38.25,90,35,8.08,GL,1692980755
37,djambala,-2.5447,14.7533,74.07,75,100,4.27,CG,1692980755
38,vilyuysk,63.7553,121.6247,54.39,75,57,5.64,RU,1692980756
39,hassi messaoud,31.6804,6.0729,103.86,11,0,4.61,DZ,1692980757
40,breyten,-26.3018,29.987,67.59,32,85,13.47,ZA,1692980757
41,buala,-8.145,159.5921,78.39,85,100,9.46,SB,1692980758
42,alma,48.5501,-71.6491,69.01,69,78,6.96,CA,1692980759
43,seonghwan,36.9156,127.1314,74.95,100,0,0.0,KR,1692980760
44,uliastay,47.7417,96.8444,52.39,75,70,4.16,MN,1692980760
45,afaahiti,-17.75,-149.2833,71.47,84,48,16.49,PF,1692980761
46,luganville,-15.5333,167.1667,71.17,81,62,7.94,VU,1692980762
47,tocopilla,-22.092,-70.1979,68.5,66,28,8.61,CL,1692980763
48,albany,42.6001,-73.9662,74.73,83,99,4.23,US,1692980515
49,laminusa,5.5549,120.9136,84.02,70,61,4.76,PH,1692980764
50,hawaiian paradise park,19.5933,-154.9731,70.03,93,100,12.66,US,1692980765
51,klyuchi,52.2667,79.1667,59.99,52,48,5.32,RU,1692980766
52,hornell,42.3279,-77.6611,76.75,86,100,3.0,US,1692980766
53,okhotsk,59.3833,143.3,50.54,80,19,14.27,RU,1692980767
54,ilulissat,69.2167,-51.1,44.62,87,75,5.75,GL,1692980768
55,san-pedro,4.7485,-6.6363,79.48,80,81,8.55,CI,1692980769
56,chertkovo,49.3847,40.1547,69.62,43,82,8.5,RU,1692980769
57,kaoma,-14.7833,24.8,83.37,11,1,4.85,ZM,1692980770
58,olonkinbyen,70.9221,-8.7187,43.21,91,0,15.75,SJ,1692980771
59,edinburgh of the seven seas,-37.0676,-12.3116,58.24,90,100,24.63,SH,1692980772
60,lagoa,39.05,-27.9833,72.28,82,6,19.19,PT,1692980773
61,lebu,-37.6167,-73.65,49.03,63,4,1.63,CL,1692980773
62,colonia,50.9333,6.95,77.41,89,81,9.46,DE,1692980476
63,karonga,-9.9333,33.9333,75.81,59,22,2.42,MW,1692980775
64,saint-philippe,-21.3585,55.7679,69.39,79,51,11.83,RE,1692980776
65,tiksi,71.6872,128.8694,47.68,89,59,9.89,RU,1692980776
66,bereket,39.2446,55.5154,92.89,19,23,7.99,TM,1692980777
67,hithadhoo,-0.6,73.0833,83.3,73,2,8.7,MV,1692980778
68,port-aux-francais,-49.35,70.2167,37.33,95,93,25.72,TF,1692980779
69,grytviken,-54.2811,-36.5092,28.96,88,18,6.08,GS,1692980780
70,hamilton,39.1834,-84.5333,93.22,75,20,9.22,US,1692980513
71,st. john's,47.5649,-52.7093,71.28,78,40,9.22,CA,1692980603
72,hasaki,35.7333,140.8333,80.31,85,0,5.03,JP,1692980781
73,tchibanga,-2.85,11.0333,82.53,57,84,8.3,GA,1692980782
74,bilibino,68.0546,166.4372,38.44,77,44,2.93,RU,1692980783
75,stanley,54.868,-1.6985,64.27,86,40,4.61,GB,1692980523
76,laguna,38.421,-121.4238,76.01,73,0,6.91,US,1692980785
77,phongsali,21.6833,102.1058,63.45,99,99,1.59,LA,1692980785
78,colonel hill,22.7667,-74.2167,83.3,73,4,5.32,BS,1692980787
79,college,64.8569,-147.8028,57.15,95,75,0.0,US,1692980788
80,serang,-6.1149,106.1502,78.93,77,74,3.58,ID,1692980788
81,amga,60.8953,131.9608,44.11,85,4,2.21,RU,1692980789
82,wynyard,-41.0,145.7167,42.03,76,100,4.56,AU,1692980790
83,papao,-17.75,-149.55,73.08,82,38,18.16,PF,1692980790
84,zag,46.9441,99.165,46.58,84,83,1.03,MN,1692980791
85,kalmunai,7.4167,81.8167,83.86,69,99,14.16,LK,1692980792
86,kruisfontein,-34.0033,24.7314,59.88,37,52,13.73,ZA,1692980793
87,susuman,62.7833,148.1667,41.65,94,100,5.93,RU,1692980797
88,san luis,-33.295,-66.3356,48.9,70,96,14.92,AR,1692980800
89,montalbano jonico,40.2879,16.5788,85.28,33,0,9.46,IT,1692980801
90,nar'yan-mar,67.6713,53.087,45.82,87,100,12.46,RU,1692980802
91,saint david's,12.0333,-61.6667,89.04,74,20,12.66,GD,1692980803
92,manjeshvar,12.7,74.8833,79.99,85,95,1.34,IN,1692980804
93,badger,64.8,-147.5333,57.07,95,100,0.0,US,1692980805
94,ruteng,-8.6136,120.4721,57.27,82,11,1.32,ID,1692980806
95,dapa,9.7594,126.0531,82.81,75,89,4.74,PH,1692980806
96,port alfred,-33.5906,26.891,58.17,72,0,17.38,ZA,1692980807
97,kuanda,56.3161,116.0806,57.13,77,30,2.44,RU,1692980808
98,georgetown,5.4112,100.3354,84.13,79,20,3.44,MY,1692980626
99,puerto baquerizo moreno,-0.9,-89.6,81.59,69,40,10.36,EC,1692980809
100,port mathurin,-19.6833,63.4167,72.84,74,0,25.01,MU,1692980810
101,fale old settlement,-9.3852,-171.2468,82.35,80,40,15.26,TK,1692980810
102,sinabang,2.4803,96.3801,78.46,87,100,6.8,ID,1692980811
103,verkhnevilyuysk,63.4453,120.3167,54.16,83,57,4.83,RU,1692980812
104,talnakh,69.4865,88.3972,52.21,93,95,2.66,RU,1692980812
105,posto fiscal rolim de moura,-13.0833,-62.2667,102.09,23,8,6.73,BR,1692980584
106,kailua-kona,19.6406,-155.9956,73.51,82,40,5.99,US,1692980814
107,shenjiamen,29.9576,122.298,79.88,84,98,4.5,CN,1692980814
108,belyy yar,53.6039,91.3903,69.69,73,0,4.47,RU,1692980815
109,isafjordur,66.0755,-23.124,66.24,48,75,6.91,IS,1692980816
110,berdyaush,55.1619,59.1464,43.23,92,84,0.81,RU,1692980818
111,holualoa,19.6228,-155.9522,69.78,83,40,5.99,US,1692980818
112,punta arenas,-53.15,-70.9167,35.91,67,96,11.12,CL,1692980587
113,cardona,14.45,121.2167,82.74,90,100,16.26,PH,1692980821
114,iskateley,67.6803,53.1512,45.72,87,100,12.24,RU,1692980822
115,dunedin,-45.8742,170.5036,43.81,91,78,1.72,NZ,1692980823
116,san patricio,28.017,-97.5169,93.18,52,5,4.65,US,1692980824
117,masterton,-40.9597,175.6575,40.89,95,20,1.68,NZ,1692980825
118,praia da vitoria,38.7333,-27.0667,79.75,78,40,15.19,PT,1692980826
119,al bahah,20.0129,41.4677,89.02,44,92,4.79,SA,1692980826
120,mhango,-3.2833,32.85,82.36,30,58,4.23,TZ,1692980827
121,bardai,11.65,7.2333,77.2,77,98,7.29,NG,1692980828
122,la sarre,48.8002,-79.1996,65.12,84,99,4.72,CA,1692980829
123,blackmans bay,-43.0167,147.3167,42.53,85,77,4.59,AU,1692980829
124,mount gambier,-37.8333,140.7667,43.23,86,83,4.81,AU,1692980830
125,nova vicosa,-17.8919,-39.3719,86.45,56,1,13.65,BR,1692980831
126,callao,-12.0667,-77.15,73.69,60,75,3.44,PE,1692980832
127,kokstad,-30.5472,29.4241,72.14,17,76,9.69,ZA,1692980833
128,bria,6.5423,21.9863,78.37,90,69,3.8,CF,1692980834
129,chamical,-30.36,-66.314,63.09,27,8,6.04,AR,1692980834
130,ghadamis,30.1337,9.5007,98.31,14,0,10.16,LY,1692980835
131,utrik,11.2278,169.8474,81.18,79,100,11.34,MH,1692980836
132,kangding,30.0513,101.9603,59.47,99,100,3.98,CN,1692980836
133,coquimbo,-29.9533,-71.3436,62.33,63,0,11.5,CL,1692980797
134,whitehorse,60.7161,-135.0538,54.37,71,75,17.27,CA,1692980726
135,barah,13.7,30.3667,102.43,22,29,5.61,SD,1692980839
136,nagqu,31.5,92.0,39.85,98,94,4.14,CN,1692980840
137,xinyuan,37.3,99.0,41.63,93,100,2.91,CN,1692980840
138,mosjoen,65.836,13.1908,66.72,68,75,3.44,NO,1692980841
139,murray bridge,-35.1167,139.2667,55.13,97,6,5.91,AU,1692980842
140,cockburn town,21.4612,-71.1419,83.44,76,5,11.59,TC,1692980843
141,viransehir,37.2353,39.7631,95.16,13,0,15.28,TR,1692980841
142,fagundes,-7.355,-35.775,82.8,54,20,14.97,BR,1692980844
143,tura,25.5198,90.2201,74.39,99,100,2.04,IN,1692980845
144,zelezniki,46.2333,14.1667,89.82,86,1,3.74,SI,1692980845
145,karratha,-20.7377,116.8463,73.06,43,0,5.99,AU,1692980846
146,businga,3.3333,20.8833,79.86,74,71,3.58,CD,1692980847
147,pisco,-13.7,-76.2167,69.03,73,100,6.91,PE,1692980848
148,invercargill,-46.4,168.35,40.01,97,77,1.01,NZ,1692980672
149,port elizabeth,-33.918,25.5701,62.1,47,56,14.52,ZA,1692980759
150,rabaul,-4.1967,152.1721,77.5,87,83,12.48,PG,1692980850
151,sao joao da barra,-21.6403,-41.0511,82.49,64,55,16.28,BR,1692980854
152,jamestown,42.097,-79.2353,74.46,88,100,10.36,US,1692980578
153,mount isa,-20.7333,139.5,64.17,24,0,9.22,AU,1692980856
154,visby,57.6409,18.296,59.83,100,75,14.97,SE,1692980856
155,ribeira grande,38.5167,-28.7,77.4,73,40,14.0,PT,1692980857
156,waiuku,-37.25,174.75,43.32,93,2,2.53,NZ,1692980858
157,antsohihy,-14.8796,47.9875,78.04,60,10,1.28,MG,1692980858
158,mersa matruh,31.3525,27.2453,84.4,74,0,13.8,EG,1692980822
159,copiapo,-27.3667,-70.3333,64.09,23,0,5.21,CL,1692980669
160,san luis de la loma,17.2706,-100.8939,82.11,78,96,2.06,MX,1692980861
161,kidal,18.4411,1.4078,105.84,16,4,6.69,ML,1692980862
162,aykhal,66.0,111.5,59.59,68,37,7.0,RU,1692980862
163,plettenberg bay,-34.0527,23.3716,62.02,50,56,19.06,ZA,1692980863
164,ust-nera,64.5667,143.2,42.15,82,25,4.05,RU,1692980864
165,jinxiang,27.4327,120.6062,79.77,88,100,2.86,CN,1692980865
166,buy,58.4786,41.53,55.42,54,71,4.68,RU,1692980865
167,huaibei,33.9744,116.7917,76.66,74,99,5.1,CN,1692980866
168,selfoss,63.9331,-20.9971,66.04,64,100,8.95,IS,1692980867
169,keflavik,64.0049,-22.5624,64.31,82,75,18.41,IS,1692980678
170,constantia,44.1833,28.65,84.88,64,11,12.68,RO,1692980868
171,maracanau,-3.8767,-38.6256,85.66,58,20,19.57,BR,1692980869
172,udachny,66.4167,112.4,62.46,44,46,9.13,RU,1692980870
173,kyren,51.6828,102.1408,57.45,78,61,3.24,RU,1692980871
174,hermanus,-34.4187,19.2345,52.81,78,89,31.72,ZA,1692980871
175,olinda,-8.0089,-34.8553,82.13,65,20,9.22,BR,1692980872
176,mollendo,-17.0231,-72.0147,67.46,68,54,9.73,PE,1692980873
177,ulladulla,-35.35,150.4667,50.27,79,38,4.81,AU,1692980873
178,superior,46.7208,-92.1041,79.95,74,40,14.97,US,1692980874
179,richards bay,-28.783,32.0377,85.48,34,100,17.36,ZA,1692980777
180,kingston,17.997,-76.7936,93.24,68,20,9.22,JM,1692980847
181,mahebourg,-20.4081,57.7,74.25,68,75,11.5,MU,1692980876
182,waingapu,-9.6567,120.2641,72.64,81,16,9.04,ID,1692980877
183,isangel,-19.55,169.2667,67.98,74,7,14.34,VU,1692980877
184,shetpe,44.1667,52.1167,74.86,34,2,12.77,KZ,1692980878
185,yeed,4.55,43.0333,89.46,30,2,15.99,SO,1692980879
186,lazaro cardenas,17.9583,-102.2,82.49,79,85,2.91,MX,1692980879
187,arraial do cabo,-22.9661,-42.0278,76.86,73,75,11.5,BR,1692980744
188,kutahya,39.4242,29.9833,81.23,30,4,14.83,TR,1692980882
189,key west,24.5557,-81.7826,91.4,68,0,9.22,US,1692980788
190,guangyuan,32.442,105.823,68.16,98,100,2.53,CN,1692980627
191,guilin,25.2819,110.2864,78.91,95,100,1.77,CN,1692980886
192,inari,68.906,27.0288,57.4,87,97,2.62,FI,1692980887
193,qaqortoq,60.7167,-46.0333,46.2,90,98,5.97,GL,1692980887
194,chupaca,-12.0667,-75.2833,64.53,37,2,2.86,PE,1692980888
195,la passe,45.5549,-0.8967,75.43,63,91,13.98,FR,1692980889
196,tolanaro,-25.0319,46.9987,69.87,83,40,11.5,MG,1692980889
197,barra de santo antonio,-9.4047,-35.5072,85.28,65,20,9.75,BR,1692980890
198,east london,-33.0153,27.9116,63.54,67,0,10.36,ZA,1692980891
199,abeche,13.8292,20.8324,92.41,39,9,5.44,TD,1692980892
200,chonchi,-42.6128,-73.8092,45.61,71,99,4.05,CL,1692980892
201,grand falls-windsor,48.9332,-55.6649,74.5,55,0,3.83,CA,1692980894
202,santa cruz,-17.8,-63.1667,80.06,41,75,13.8,BO,1692980895
203,dirba,30.0667,75.9833,87.8,52,26,2.95,IN,1692980895
204,puerto ayora,-0.7393,-90.3518,80.56,89,95,7.0,EC,1692980896
205,vorgashor,67.5833,63.95,41.59,97,100,8.97,RU,1692980897
206,dzilam gonzalez,21.2833,-88.9333,90.52,53,68,4.63,MX,1692980897
207,aldan,58.6031,125.3894,42.19,80,0,2.1,RU,1692980898
208,vadso,70.0744,29.7487,54.48,82,75,9.22,NO,1692980899
209,antsiranana,-12.2787,49.2917,74.73,78,0,16.71,MG,1692980900
210,chinde,26.8418,88.0763,63.88,90,100,1.59,NP,1692980900
211,broken hill,-31.95,141.4333,56.37,36,0,6.51,AU,1692980680
212,mamuju,-2.6748,118.8885,79.05,86,43,4.38,ID,1692980902
213,sao joao de pirabas,-0.7747,-47.1772,86.74,57,8,9.1,BR,1692980903
214,manturovo,58.3353,44.7619,52.83,69,100,4.14,RU,1692980904
215,mangai,-4.05,19.5333,90.14,40,91,4.72,CD,1692980904
216,labytnangi,66.6572,66.4183,46.87,86,100,9.42,RU,1692980905
217,quellon,-43.1167,-73.6167,50.25,62,40,8.05,CL,1692980906
218,asilah,35.465,-6.0348,103.96,47,38,14.36,MA,1692980906
219,kolonia town,6.964,158.206,83.44,74,99,5.17,FM,1692980907
220,ola,59.5833,151.2833,52.14,91,100,14.45,RU,1692980908
221,neka,36.6508,53.299,83.71,70,75,6.91,IR,1692980908
222,klaksvik,62.2266,-6.589,56.32,95,100,16.49,FO,1692980909
223,bahraigh,27.5833,81.6,78.94,88,47,1.1,IN,1692980639
224,monchegorsk,67.9397,32.8739,55.22,67,100,6.33,RU,1692980910
225,remire-montjoly,4.9167,-52.2667,91.44,58,75,8.05,GF,1692980911
226,khovd,48.0056,91.6419,67.17,39,9,2.39,MN,1692980912
227,iklehra,23.15,76.3833,76.23,80,86,7.65,IN,1692980913
228,san antonio de pale,-1.4014,5.6325,74.53,89,32,12.64,GQ,1692980913
229,beira,-19.8436,34.8389,73.49,78,20,11.5,MZ,1692980751
230,nizhniy odes,63.6445,54.856,46.83,86,98,7.87,RU,1692980915
231,beau vallon,-20.4189,57.6953,74.21,68,75,11.5,MU,1692980915
232,ibotirama,-12.1853,-43.2206,101.25,20,8,2.71,BR,1692980917
233,zaozersk,69.4005,32.4476,49.8,75,99,9.04,RU,1692980918
234,andalgala,-27.5819,-66.3165,62.6,35,55,8.01,AR,1692980919
235,kayyerkan,69.3786,87.7439,52.3,100,92,4.56,RU,1692980919
236,cherniakhiv,50.4565,28.6702,76.5,35,100,4.54,UA,1692980920
237,moscow,55.7522,37.6156,64.83,46,40,2.44,RU,1692980625
238,neryungri,56.6709,124.6491,42.84,77,0,1.88,RU,1692980921
239,zaragoza,41.6561,-0.8773,98.46,19,0,10.36,ES,1692980922
240,la'ie,21.6477,-157.9253,74.43,78,16,1.99,US,1692980922
241,alofi,-19.0595,-169.9187,73.29,100,64,6.91,NU,1692980928
242,uturoa,-16.7333,-151.4333,78.35,77,100,18.63,PF,1692980929
243,tual,-5.6667,132.75,77.61,88,100,19.73,ID,1692980930
244,crane,31.3974,-102.3501,88.25,31,1,14.23,US,1692980930
245,ilha de mocambique,-15.0342,40.7358,77.41,77,0,10.89,MZ,1692980931
246,mo i rana,66.3128,14.1428,68.47,76,75,4.61,NO,1692980932
247,xudat,41.631,48.681,74.28,69,100,6.82,AZ,1692980933
248,revda,56.801,59.9303,44.26,95,97,7.07,RU,1692980934
249,kone,-21.0595,164.8658,60.33,91,0,5.44,NC,1692980935
250,kilindoni,-7.9139,39.6668,77.11,79,2,11.7,TZ,1692980936
251,baturaja,-4.1333,104.1667,76.01,86,86,2.71,ID,1692980936
252,west island,-12.1568,96.8225,76.98,83,40,12.66,CC,1692980937
253,anadyr,64.75,177.4833,37.9,87,0,2.24,RU,1692980938
254,samana,19.2056,-69.3369,86.22,79,40,9.22,DO,1692980938
255,howrah,22.5892,88.3103,78.8,94,100,3.44,IN,1692980939
256,lodwar,3.1191,35.5973,91.49,24,2,11.63,KE,1692980939
257,kodiak,57.79,-152.4072,51.31,93,0,4.61,US,1692980940
258,mananjary,-21.2167,48.3333,70.25,82,19,5.01,MG,1692980941
259,tofol,5.3248,163.0078,83.39,75,61,11.43,FM,1692980941
260,nemuro,43.3236,145.575,66.43,100,100,8.05,JP,1692980942
261,sao jose da coroa grande,-8.8978,-35.1478,80.47,64,27,9.6,BR,1692980943
262,loen,7.7601,168.2307,82.92,74,90,8.75,MH,1692980943
263,hobyo,5.3505,48.5268,78.46,84,1,27.51,SO,1692980944
264,trapani,37.8333,12.6667,93.27,58,0,10.36,IT,1692980945
265,cururupu,-1.8283,-44.8683,89.38,50,9,7.74,BR,1692980946
266,vargashi,55.3556,65.8467,51.04,67,81,5.46,RU,1692980946
267,acapulco de juarez,16.8634,-99.8901,84.02,74,75,6.91,MX,1692980872
268,val-d'or,48.1002,-77.7828,62.69,88,100,4.61,CA,1692980655
269,alliance,40.9153,-81.1059,76.28,86,100,9.8,US,1692980948
270,celso ramos,-27.6344,-51.3364,52.79,93,100,5.88,BR,1692980949
271,codrington,-38.2667,141.9667,48.92,69,100,6.4,AU,1692980950
272,pangody,65.85,74.4859,48.06,81,43,9.06,RU,1692980950
273,wucheng,29.6008,118.175,76.87,91,97,2.3,CN,1692980951
274,mata-utu,-13.2816,-176.1745,80.76,81,60,14.94,WF,1692980952
275,gurupi,-11.7292,-49.0686,101.91,21,11,4.94,BR,1692980953
276,linden,6.0,-58.3,98.8,35,13,2.64,GY,1692980953
277,khandyga,62.6667,135.6,43.81,85,10,2.42,RU,1692980954
278,persembe,41.0656,37.7714,80.02,70,1,2.46,TR,1692980955
279,hlybokaye,55.1382,27.6879,68.14,67,100,4.09,BY,1692980956
280,mirnyy,62.5353,113.9611,57.24,82,100,2.21,RU,1692980957
281,jilib,0.4883,42.7854,76.82,75,3,13.09,SO,1692980957
282,alice springs,-23.7,133.8833,42.35,31,0,0.0,AU,1692980958
283,touros,-5.1989,-35.4608,84.29,55,15,17.11,BR,1692980959
284,santana do livramento,-30.8908,-55.5328,60.82,37,0,9.48,BR,1692980960
285,saipan,15.1355,145.701,81.64,100,0,0.0,MP,1692980960
286,thompson,55.7435,-97.8558,60.96,59,20,8.05,CA,1692980961
287,acarau,-2.8856,-40.12,88.75,55,5,19.42,BR,1692980962
288,qarah zia' od din,38.8915,45.0255,81.46,33,0,13.09,IR,1692980963
289,tanumah,27.1,44.1333,101.91,8,3,9.31,SA,1692980963
290,yigo village,13.5361,144.8886,79.92,93,40,8.05,GU,1692980964
291,vanino,49.0869,140.2543,58.19,99,100,6.46,RU,1692980921
292,usogorsk,63.4106,48.6872,48.47,94,100,5.86,RU,1692980966
293,askale,39.9208,40.695,72.75,56,2,7.29,TR,1692980967
294,grahamstown,-33.3042,26.5328,51.94,32,0,19.01,ZA,1692980967
295,magistral'nyy,56.1725,107.4458,57.58,88,13,2.01,RU,1692980968
296,newberry,34.2746,-81.6187,94.05,43,70,2.77,US,1692980969
297,pacific grove,36.6177,-121.9166,65.01,89,100,4.61,US,1692980671
298,wailua homesteads,22.0669,-159.378,77.79,87,100,13.8,US,1692980970
299,wewak,-3.5534,143.6268,79.18,84,43,0.87,PG,1692980971
300,dubbo,-32.25,148.6167,42.93,75,67,10.36,AU,1692980972
301,sao francisco do sul,-26.2433,-48.6381,58.91,88,75,3.44,BR,1692980889
302,ad dilam,23.9915,47.1627,108.01,8,4,10.54,SA,1692980768
303,banjarmasin,-3.3244,114.591,78.94,82,1,4.09,ID,1692980974
304,juan griego,11.0817,-63.9655,78.93,89,71,10.36,VE,1692980975
305,kavaratti,10.5669,72.642,81.88,79,97,8.34,IN,1692980975
306,mirzapur,25.15,82.5833,84.16,73,99,7.34,IN,1692980976
307,lakhdenpokh'ya,61.5198,30.1992,57.42,77,15,7.23,RU,1692980978
308,amos,48.5669,-78.1162,62.71,86,99,1.97,CA,1692980978
309,rundu,-17.9333,19.7667,89.56,9,1,6.24,NA,1692980979
310,lampang,18.3333,99.5,75.47,95,100,2.28,TH,1692980980
311,isola di capo rizzuto,38.96,17.0933,90.34,51,0,6.91,IT,1692980980
312,kampene,-3.6,26.6667,80.6,57,58,0.89,CD,1692980981
313,mawu,29.5923,107.3139,70.56,94,100,3.91,CN,1692980982
314,demmin,53.9076,13.0314,72.0,79,99,1.68,DE,1692980983
315,kudahuvadhoo,2.6708,72.8944,83.44,72,76,9.69,MV,1692980983
316,qorveh,35.1664,47.8045,79.03,8,0,8.12,IR,1692980985
317,calvinia,-31.4707,19.776,43.75,94,100,25.57,ZA,1692980986
318,olyokminsk,60.3736,120.4264,51.57,66,4,2.13,RU,1692980986
319,san andres,12.5847,-81.7006,87.82,70,20,5.75,CO,1692980987
320,chegdomyn,51.1167,133.0167,57.09,96,100,2.57,RU,1692980988
321,enewetak,11.3474,162.3373,82.31,75,100,4.59,MH,1692980989
322,tommot,58.9564,126.2925,44.4,81,0,1.81,RU,1692980989
323,fisterra,42.9049,-9.2629,74.75,76,20,17.63,ES,1692980990
324,minab,27.1467,57.0801,97.0,43,9,6.26,IR,1692980886
325,shimoda,34.6667,138.95,77.11,87,3,1.88,JP,1692980992
326,port hedland,-20.3167,118.5667,64.45,45,0,9.22,AU,1692980993
327,city of balikpapan,-1.242,116.8942,84.15,74,40,6.91,ID,1692980993
328,ketchikan,55.3422,-131.6461,61.27,77,0,16.11,US,1692980994
329,fortaleza,-3.7227,-38.5247,86.13,58,20,19.57,BR,1692980868
330,villeneuve-sur-yonne,48.0825,3.2969,69.17,91,99,11.41,FR,1692980995
331,rudnichnyy,59.617,52.4703,45.27,97,98,4.79,RU,1692980996
332,juneau,58.3019,-134.4197,58.21,88,40,0.0,US,1692980997
333,kwaksan,39.6875,125.0828,70.27,87,39,1.07,KP,1692980997
334,terenozek,45.05,64.9833,73.38,29,0,8.68,KZ,1692980998
335,crucecita,-28.95,-58.9833,68.95,26,0,12.93,AR,1692980999
336,kabompo,-13.5927,24.2008,85.28,11,3,4.81,ZM,1692980999
337,queenstown,-31.8976,26.8753,62.01,21,0,25.97,ZA,1692981000
338,gorgan,36.8387,54.4348,84.16,66,75,9.22,IR,1692981002
339,haiku-pauwela,20.9219,-156.3051,76.05,73,100,7.0,US,1692981003
340,rouissat,31.9243,5.3502,104.07,12,0,4.61,DZ,1692981006
341,hadibu,12.65,54.0333,79.66,79,14,16.28,YE,1692981007
342,fortuna,40.5982,-124.1573,57.97,97,100,0.0,US,1692981008
343,nanga eboko,4.6833,12.3667,72.64,95,79,2.44,CM,1692981009
344,new norfolk,-42.7826,147.0587,43.72,94,78,1.41,AU,1692981017
345,jatoi shimali,29.5165,70.8503,92.89,35,12,7.18,PK,1692981019
346,menongue,-14.6585,17.691,77.22,12,55,0.78,AO,1692981021
347,nova sintra,14.8667,-24.7167,75.65,72,94,3.24,CV,1692981022
348,harstad,68.799,16.5293,62.8,94,17,1.99,NO,1692981022
349,khorixas,-20.3667,14.9667,70.02,19,0,12.95,NA,1692981025
350,ambalangoda,6.2355,80.0538,81.45,80,91,7.52,LK,1692981029
351,puerto escondido,15.85,-97.0667,83.23,65,75,0.0,MX,1692981030
352,igrim,63.1906,64.4162,47.7,89,100,3.8,RU,1692981031
353,road town,18.4167,-64.6167,84.29,79,40,5.75,VG,1692981032
354,czluchow,53.6672,17.3588,82.15,45,100,8.5,PL,1692980797
355,beyla,8.6833,-8.6333,79.74,81,90,1.45,GN,1692981033
356,alvorada,-12.48,-49.1247,103.73,19,6,3.91,BR,1692980944
357,sisimiut,66.9395,-53.6735,48.56,66,48,1.03,GL,1692981035
358,nieuw amsterdam,5.8833,-55.0833,95.02,61,8,7.85,SR,1692981035
359,timbuktu,16.7735,-3.0074,108.23,14,8,1.45,ML,1692981036
360,gizo,-8.103,156.8419,77.04,91,100,13.85,SB,1692981037
361,kapuskasing,49.4169,-82.4331,59.09,88,100,11.5,CA,1692981038
362,souillac,-20.5167,57.5167,73.78,68,75,11.5,MU,1692981039
363,zelenogorsk,56.1147,94.5861,61.36,76,0,2.1,RU,1692981041
364,georgievka,49.3314,81.5761,65.53,66,66,11.77,KZ,1692981042
365,taman',45.2117,36.7161,77.94,65,2,10.96,RU,1692981043
366,buka,40.8108,69.1986,81.57,25,0,10.51,UZ,1692980900
367,berezovyy,51.6667,135.7,55.62,98,100,4.76,RU,1692981044
368,palmer,42.1584,-72.3287,70.97,84,100,10.36,US,1692980803
369,aoulef,26.9667,1.0833,105.67,11,23,18.1,DZ,1692981046
370,ilhabela,-23.7781,-45.3581,69.93,95,100,6.58,BR,1692981046
371,weno,7.4515,151.8468,82.35,89,75,11.5,FM,1692981047
372,tocoa,15.6833,-86.0,85.62,47,82,3.67,HN,1692981048
373,pitimbu,-7.4706,-34.8086,84.79,66,38,11.41,BR,1692981049
374,divino das laranjeiras,-18.7778,-41.4797,96.82,24,35,5.97,BR,1692981050
375,al bawiti,28.3492,28.8659,96.51,22,0,17.18,EG,1692981051
376,sogndal,61.2283,7.1003,59.38,87,75,2.3,NO,1692981052
377,araripina,-7.5761,-40.4983,96.82,16,37,9.35,BR,1692981053
378,anaco,9.4389,-64.4728,91.96,47,35,4.25,VE,1692981053
379,oltinko'l,40.8011,72.1634,82.49,20,9,5.44,UZ,1692981055
380,freetown,8.484,-13.2299,82.11,69,75,10.36,SL,1692981056
381,mareeba,-17.0,145.4333,63.45,94,79,4.09,AU,1692981057
382,kismayo,-0.3582,42.5454,77.34,84,1,14.45,SO,1692981057
383,i-n-salah,27.1935,2.4607,104.83,12,6,21.18,DZ,1692981058
384,kovin,44.7475,20.9761,87.15,28,2,2.98,RS,1692981059
385,atafu village,-8.5421,-172.5159,82.85,79,98,16.15,TK,1692981060
386,sao fidelis,-21.6461,-41.7469,82.35,40,23,7.47,BR,1692981064
387,usinsk,65.9939,57.5281,43.41,95,100,16.73,RU,1692981066
388,anamosa,42.1083,-91.2852,84.25,40,54,4.94,US,1692981067
389,parthenay,46.6667,-0.4167,71.94,39,33,16.96,FR,1692981074
390,ain sukhna,29.6002,32.3167,92.8,35,0,18.48,EG,1692980801
391,deniliquin,-35.5333,144.9667,46.78,77,41,3.47,AU,1692981077
392,amalapuram,16.5833,82.0167,81.46,80,100,1.03,IN,1692981077
393,santa rosalia,27.3167,-112.2833,91.99,39,47,4.88,MX,1692981078
394,kirakira,-10.4544,161.9205,77.0,87,100,11.92,SB,1692981079
395,attur,11.6,78.6167,83.59,58,100,5.41,IN,1692981080
396,ballito,-29.539,31.2144,68.14,83,0,1.14,ZA,1692981081
397,vilyuchinsk,52.9306,158.4028,55.67,97,100,1.12,RU,1692981082
398,sihanoukville,10.6093,103.5296,80.55,94,40,2.3,KH,1692981082
399,thunder bay,48.4001,-89.3168,64.38,100,100,8.05,CA,1692981083
400,norfolk,42.1668,-71.2495,69.42,95,100,7.0,US,1692981006
401,dukku,10.8231,10.7717,85.75,53,54,5.95,NG,1692981085
402,cabo san lucas,22.8909,-109.9124,92.61,62,40,3.44,MX,1692980952
403,tsiombe,-25.3,45.4833,74.16,67,0,9.35,MG,1692981086
404,el granada,37.5027,-122.4694,69.8,85,100,8.05,US,1692981087
405,pandharpur,17.6667,75.3333,80.58,64,100,16.67,IN,1692981088
406,rio tinto,41.1826,-8.5581,80.58,66,0,12.66,PT,1692981089
407,pekan nenas,1.51,103.5141,83.17,93,44,2.77,MY,1692981090
408,northam,51.0333,-4.2167,63.66,91,83,13.0,GB,1692981090
409,tongchuanshi,35.0806,109.0897,66.63,95,100,2.33,CN,1692981091
410,menaka,15.9182,2.4022,100.51,28,86,7.36,ML,1692981092
411,pemangkat,1.1667,108.9667,76.62,86,100,4.18,ID,1692981093
412,luderitz,-26.6481,15.1594,57.56,78,51,14.2,NA,1692981094
413,mount pearl,47.5166,-52.7813,67.44,79,40,9.22,CA,1692981094
414,argo,37.6333,22.7333,88.79,42,9,2.01,GR,1692981095
415,nelson bay,-32.7167,152.15,57.0,94,22,1.99,AU,1692980834
416,shache,38.4167,77.2406,77.0,35,100,3.96,CN,1692981097
417,dobre miasto,53.9867,20.3975,74.59,55,81,9.01,PL,1692981098
418,veraval,20.9,70.3667,81.0,81,100,13.44,IN,1692981098
419,ghanzi,-21.5667,21.7833,78.93,10,4,9.4,BW,1692981099
420,lenina,46.0667,39.7833,73.85,45,43,6.13,RU,1692981100
421,suzaka,36.65,138.3167,76.8,82,5,2.8,JP,1692981101
422,cuito,-12.3833,16.9333,72.57,13,46,3.83,AO,1692981102
423,erdenet,49.0333,104.0833,52.86,80,89,5.03,MN,1692981102
424,el amria,35.5244,-1.0158,100.44,24,0,6.08,DZ,1692981103
425,burang,30.25,81.1667,48.81,74,74,6.55,CN,1692981104
426,lompoc,34.6391,-120.4579,69.6,78,100,4.0,US,1692981105
427,el gouna,27.3942,33.6782,100.49,29,1,28.03,EG,1692981106
428,vorkuta,67.5,64.0,41.54,97,100,9.28,RU,1692981107
429,shiguai,40.7058,110.2856,57.51,70,100,2.93,CN,1692981107
430,muli,2.9167,73.5667,83.14,75,80,10.22,MV,1692981108
431,arvayheer,46.2639,102.775,54.57,54,98,3.76,MN,1692981109
432,keshorai patan,25.3,75.9333,80.78,65,100,9.08,IN,1692981110
433,mincivan,39.0294,46.7185,73.62,77,100,0.4,AZ,1692981111
434,pontianak,-0.0333,109.3333,75.18,94,100,3.44,ID,1692981111
435,homer,59.6425,-151.5483,58.87,82,20,3.44,US,1692981112
436,aquiraz,-3.9014,-38.3911,86.09,59,3,15.32,BR,1692981113
437,burao,9.5221,45.5336,84.94,34,19,19.51,SO,1692981114
438,al jahra',29.3375,47.6581,102.61,9,0,11.3,KW,1692981115
439,kani keli,-12.9536,45.1033,78.06,74,28,4.83,YT,1692981115
440,saint-pierre,-21.3393,55.4781,69.57,78,0,6.91,RE,1692981116
441,new plymouth,-39.0667,174.0833,42.8,79,14,2.75,NZ,1692981117
442,tynda,55.1667,124.7167,42.37,77,10,2.95,RU,1692981117
443,chinacota,7.6073,-72.6011,80.13,46,34,5.57,CO,1692981118
444,palikir - national government center,6.9248,158.1611,81.61,75,98,3.47,FM,1692981119
445,pamandzi,-12.7967,45.2794,78.58,73,20,3.44,YT,1692981119
446,paris,48.8534,2.3488,72.09,69,100,11.5,FR,1692981000
447,manavalakurichi,8.1333,77.3,78.44,85,15,12.1,IN,1692981120
448,camana,-16.6228,-72.7111,68.43,70,35,11.41,PE,1692981121
449,tvoroyri,61.5556,-6.8111,52.14,93,99,22.21,FO,1692981122
450,axim,4.8699,-2.2405,78.69,83,97,9.28,GH,1692981123
451,obuase,6.206,-1.6619,80.24,85,89,2.33,GH,1692981124
452,veinticinco de mayo,-35.4323,-60.1727,59.99,27,20,11.99,AR,1692981125
453,saint-remy,46.7633,4.8393,80.19,75,74,2.51,FR,1692981125
454,aswan,24.0934,32.907,112.3,7,0,12.66,EG,1692981126
455,recreo,-29.2818,-65.061,70.54,22,35,11.99,AR,1692981127
456,tamanrasset,22.785,5.5228,96.71,12,0,6.91,DZ,1692981127
457,wurenlos,47.4421,8.3644,86.23,66,20,10.36,CH,1692981128
458,necochea,-38.5473,-58.7368,52.18,51,0,16.71,AR,1692981129
459,ambatolampy,-19.3833,47.4167,54.82,95,52,4.25,MG,1692981130
460,hilo,19.7297,-155.09,73.62,88,100,12.66,US,1692981131
461,ghat,24.9647,10.1728,103.84,10,29,6.26,LY,1692981131
462,guacamayas,18.0167,-102.2167,82.78,79,91,3.2,MX,1692981132
463,sitka,57.0531,-135.33,57.09,77,20,3.44,US,1692981133
464,yuzhno-kurilsk,44.0306,145.8556,64.36,99,99,5.01,RU,1692981134
465,gemena,3.25,19.7667,70.72,96,99,2.77,CD,1692981135
466,polyarnyy,69.1989,33.4478,49.06,78,99,8.97,RU,1692981136
467,itambe,-15.245,-40.6244,96.75,24,23,3.06,BR,1692981137
468,meiganga,6.5167,14.3,70.05,91,75,3.31,CM,1692981137
469,flying fish cove,-10.4217,105.6791,74.88,88,100,12.66,CX,1692981138
470,maceio,-9.6658,-35.7353,85.44,54,75,9.22,BR,1692981139
471,pariaman,-0.619,100.12,73.45,89,99,1.86,ID,1692981140
472,mount darwin,-16.7725,31.5838,69.39,34,0,4.18,ZW,1692981140
473,brisas de zicatela,15.8369,-97.0419,82.92,65,75,0.0,MX,1692981141
474,sierra grande,-41.606,-65.3557,51.17,26,0,17.56,AR,1692981142
475,jirja,26.3383,31.8916,104.22,15,0,12.66,EG,1692981143
476,arkhangel'sk,64.5401,40.5433,49.93,75,100,6.76,RU,1692981144
477,bucerias,20.75,-105.3333,91.98,79,40,3.44,MX,1692980922
478,banda aceh,5.5577,95.3222,79.57,81,46,8.77,ID,1692980889
479,zaysan,47.4667,84.8667,75.13,27,12,8.68,KZ,1692981151
480,mapimi,25.8167,-103.85,80.78,41,7,6.6,MX,1692981153
481,myrhorod,49.9685,33.6089,67.6,58,73,7.67,UA,1692981157
482,alekseyevka,50.6309,38.6903,66.34,52,92,5.5,RU,1692981159
483,margate,51.3813,1.3862,69.69,64,84,7.0,GB,1692981160
484,beaufort west,-32.3567,22.583,50.4,64,60,27.69,ZA,1692981161
485,minas de marcona,-15.2119,-75.1103,65.32,55,26,15.12,PE,1692981162
486,zapala,-38.8992,-70.0544,42.06,28,0,5.55,AR,1692981163
487,horodnic de sus,47.8401,25.8235,84.02,73,37,1.1,RO,1692981166
488,tansen,27.8673,83.5467,64.83,95,44,2.35,NP,1692981167
489,lebyazh'ye,55.2689,66.4947,51.94,61,85,6.15,RU,1692981168
490,cozumel,20.5083,-86.9458,80.67,94,75,5.99,MX,1692981070
491,kill devil hills,36.0307,-75.676,86.0,58,0,14.97,US,1692981171
492,weining,26.85,104.2333,61.12,98,99,5.39,CN,1692981171
493,kirensk,57.7853,108.1119,58.59,87,99,1.79,RU,1692981172
494,leava,-14.3,-178.1667,80.29,78,91,15.68,WF,1692981173
495,villazon,-22.0866,-65.5942,64.49,3,5,6.02,BO,1692981174
496,raduzhny,62.0961,77.475,53.6,67,100,5.39,RU,1692981174
497,bowling green,36.9903,-86.4436,95.14,68,0,9.22,US,1692980967
498,yamada,39.4667,141.95,75.07,90,0,7.85,JP,1692981176
499,kalymnos,36.95,26.9833,81.93,74,0,11.5,GR,1692981176
500,cerano,20.1167,-101.3833,67.77,45,65,5.12,MX,1692981177
501,abancay,-13.6339,-72.8814,78.35,30,21,6.55,PE,1692981178
502,hecun,36.5333,114.1111,70.48,85,100,3.74,CN,1692981179
503,oyama,36.3,139.8,86.59,74,4,3.85,JP,1692980994
504,broome,42.2506,-75.833,74.7,91,100,6.91,US,1692981181
505,puerto deseado,-47.7503,-65.8938,41.76,46,6,7.81,AR,1692981182
506,walvis bay,-22.9575,14.5053,65.35,59,0,19.57,NA,1692981183
507,port saint john's,-31.6229,29.5448,66.96,76,96,17.31,ZA,1692981184
508,si chiang mai,17.9564,102.5867,80.58,69,75,0.0,TH,1692981185
509,taroa,8.7058,171.2275,82.18,77,96,13.67,MH,1692981185
510,port lincoln,-34.7333,135.8667,56.79,83,69,12.35,AU,1692981186
511,egilsstadir,65.2653,-14.3948,66.11,48,0,11.5,IS,1692981187
512,marsh harbour,26.5412,-77.0636,84.0,73,1,16.31,BS,1692980924
513,khao wong,16.7001,104.0902,76.06,93,82,3.8,TH,1692981188
514,konarka,19.9,86.1167,82.8,81,100,12.37,IN,1692981189
515,kahna nau,31.3692,74.3653,87.84,74,75,4.61,PK,1692981190
516,guiuan,11.0333,125.7247,84.22,75,96,11.01,PH,1692981191
517,medina,24.4686,39.6142,111.63,5,20,3.44,SA,1692981192
518,glubokiy,48.5217,40.3258,71.04,44,87,8.5,RU,1692981193
519,la ronge,55.1001,-105.2842,61.05,67,75,5.75,CA,1692981193
520,ar ruways,24.1103,52.7306,92.84,65,92,5.68,AE,1692981194
521,ta`u,-14.2336,-169.5144,81.57,76,30,18.23,AS,1692981195
522,vera cruz,-12.6333,-41.0333,87.37,22,4,6.87,BR,1692981195
523,kavieng,-2.5744,150.7967,80.67,80,69,9.51,PG,1692981196
524,manggar,-2.8833,108.2667,81.07,79,100,9.75,ID,1692981197
525,westport,41.1415,-73.3579,73.62,91,100,12.66,US,1692981198
526,rio san juan,19.6439,-70.0763,93.16,73,46,12.28,DO,1692981033
527,uzhur,55.3036,89.8339,66.47,60,56,5.99,RU,1692981199
528,arno,60.1167,18.6333,62.78,86,100,4.25,SE,1692981200
529,zhongxing,33.7039,118.6792,72.41,80,100,6.98,CN,1692981201
530,saudarkrokur,65.7461,-19.6394,68.13,41,97,8.5,IS,1692981201
531,oranjemund,-28.55,16.4333,55.94,86,2,9.51,NA,1692981203
532,libreville,0.3925,9.4537,82.42,78,20,8.05,GA,1692981204
533,moranbah,-22.0016,148.0466,57.45,92,0,8.25,AU,1692981205
534,mthatha,-31.5889,28.7844,63.16,55,31,21.85,ZA,1692981205
535,ivdel',60.6911,60.4206,46.47,84,99,5.14,RU,1692981166
536,palembang,-2.9167,104.7458,80.69,83,20,3.44,ID,1692981207
537,dryden,49.7833,-92.7503,62.89,94,100,0.0,CA,1692981207
538,newman,37.3138,-121.0208,74.23,10,0,3.49,US,1692981208
539,adamus,46.3,24.2333,87.76,58,15,4.54,RO,1692981209
540,dera bugti,29.0307,69.151,92.89,34,49,9.66,PK,1692981209
541,pimentel,-6.8367,-79.9342,75.49,64,100,8.05,PE,1692981210
542,summerside,46.3959,-63.7876,73.47,64,100,9.22,CA,1692981211
543,thinadhoo,0.5333,72.9333,82.98,72,3,8.32,MV,1692981211
544,san fernando de apure,7.8878,-67.4724,90.01,66,12,1.1,VE,1692981212
545,mili,6.0815,171.735,82.72,73,34,8.55,MH,1692981213
546,monte patria,-30.6919,-70.9467,72.09,27,9,5.32,CL,1692981099
547,sur,22.5667,59.5289,89.17,59,91,10.49,OM,1692981214
548,novomykolayivka,47.9781,35.9102,73.02,39,39,8.21,UA,1692981215
549,bengkulu,-3.8004,102.2655,75.52,94,66,7.94,ID,1692981215
550,bakanas,44.8081,76.2772,74.66,43,37,6.69,KZ,1692981216
551,pierre,44.3683,-100.351,79.72,57,0,16.11,US,1692981217
552,boca suno,-0.7167,-77.1333,87.39,41,22,1.59,EC,1692981217
553,casas grandes,30.3667,-107.95,80.08,46,72,5.14,MX,1692981219
554,knyaze-volkonskoye,48.4642,135.4567,64.74,98,100,9.71,RU,1692981219
555,mansalay,12.5167,121.4,77.67,83,100,9.46,PH,1692981220
556,illizi,26.4833,8.4667,105.6,17,54,15.05,DZ,1692981222
557,mudanjiang,44.5833,129.6,61.14,96,100,2.57,CN,1692981223
558,jerseyville,39.12,-90.3285,100.65,32,1,7.47,US,1692981224
559,labrador city,52.9463,-66.9114,58.91,82,100,10.36,CA,1692981013
560,brookings,44.3114,-96.7984,84.54,75,0,10.36,US,1692981005
561,pasni,25.2631,63.471,79.81,86,97,14.16,PK,1692981231
562,riudoms,41.1431,1.0571,89.94,64,20,5.75,ES,1692981232
563,happy valley-goose bay,53.3168,-60.3315,70.11,52,75,11.5,CA,1692981232
564,anastasiyevskaya,45.2158,37.8926,77.5,63,3,6.13,RU,1692981233
565,rubtsovsk,51.5,81.25,61.16,66,100,4.72,RU,1692981234
566,nakamura,32.9833,132.9333,74.62,96,78,3.0,JP,1692981235
567,ancenis,47.3667,-1.1667,72.21,48,21,18.05,FR,1692981235
568,bologoye,57.8799,34.1068,58.89,69,97,4.9,RU,1692981236
569,totness,5.8833,-56.3167,90.34,55,11,9.15,SR,1692981237
570,kodinar,20.7903,70.7031,80.33,82,99,13.49,IN,1692981237
571,nadym,65.5333,72.5167,46.11,82,23,8.9,RU,1692981238
572,mega,4.05,38.3,67.01,44,46,13.71,ET,1692981239
573,monze,-16.2833,27.4833,73.9,25,0,6.67,ZM,1692981239
574,swakopmund,-22.6833,14.5333,65.25,79,25,10.0,NA,1692981240
575,taltal,-25.4,-70.4833,66.63,65,5,6.6,CL,1692981080
576,sakaiminato,35.55,133.2333,75.18,100,75,3.44,JP,1692981242
577,plymstock,50.36,-4.0905,63.12,90,63,8.99,GB,1692981243
578,saguenay,48.4168,-71.0657,72.43,47,40,16.11,CA,1692981244
579,daru,-9.0763,143.2092,75.52,76,92,15.12,PG,1692981246
580,campo gallo,-26.5833,-62.85,75.96,17,34,8.84,AR,1692981248
581,zheleznogorsk-ilimskiy,56.5768,104.1217,57.72,71,4,3.6,RU,1692981248
582,seguela,7.9611,-6.6731,78.73,91,100,3.13,CI,1692981249
583,masuda,34.6667,131.85,76.1,91,99,3.44,JP,1692981250
584,batang,-6.4846,110.7083,78.84,74,11,4.99,ID,1692981251
585,tarinkot,32.6268,65.8733,81.0,15,0,1.9,AF,1692981251
586,gulf shores,30.246,-87.7008,96.3,60,20,8.01,US,1692981252
587,natal,-5.795,-35.2094,86.65,58,20,16.11,BR,1692981063
588,machico,32.7,-16.7667,84.0,85,40,14.97,PT,1692981253
589,rhymney,51.76,-3.2855,62.2,82,100,8.66,GB,1692981255
590,geraldton,-28.7667,114.6,50.41,100,40,5.75,AU,1692981087
591,dudinka,69.4058,86.1778,52.63,91,65,5.82,RU,1692981256
592,petropavlovsk-kamchatsky,53.0452,158.6483,54.19,100,100,4.47,RU,1692981258
593,saldanha,-33.0117,17.9442,55.45,65,82,25.68,ZA,1692981259
594,phang nga,8.4509,98.5298,80.64,91,24,3.31,TH,1692981260
595,houma,29.5958,-90.7195,96.01,60,1,7.0,US,1692981261
596,filadelfia,39.9523,-75.1638,83.05,82,100,9.22,US,1692981244
597,ancud,-41.8697,-73.8203,46.04,70,100,10.0,CL,1692981265
598,lynchburg,37.4138,-79.1423,82.54,65,0,12.66,US,1692981139
599,ujae,8.9322,165.7642,82.42,76,76,6.71,MH,1692981268
600,kununurra,-15.7667,128.7333,75.18,29,0,8.05,AU,1692981271
601,markdorf,47.7167,9.4,80.17,66,40,6.91,DE,1692981276
602,caucete,-31.6518,-68.2811,57.24,44,88,11.61,AR,1692981276
603,lerwick,60.1545,-1.1494,57.2,94,87,14.72,GB,1692981277
604,arauca,7.0847,-70.7591,89.56,70,40,3.44,CO,1692981109
605,millau,44.0833,2.9167,80.02,53,23,8.95,FR,1692981278
606,christchurch,-43.5333,172.6333,46.9,90,75,3.44,NZ,1692981013
607,mersing,2.4312,103.8405,75.11,94,20,3.44,MY,1692981280
608,al kharijah,25.4514,30.5464,100.18,17,0,20.47,EG,1692981280
609,tutoia,-2.7619,-42.2744,84.67,66,11,14.52,BR,1692981282
610,saint croix,17.7397,-64.7388,86.45,70,0,4.61,VI,1692981283
